{
    "what city were you born in?": "3QTyXrHVjuPUyeIfuVoefGdBQUFBQUJuTVloNG5KRG1pVmNvYzQyUXdZNkpkRy16cV9kRUZCbE1UVEM2OFRlX3RnQ0NQaUlTM29ZV2pQMkpDM0NHWWx2UjkzUnBUWE1jTzQ0bVozalY4WW40V3ZQVjZBPT0=",
    "what is your oldest sibling\u2019s middle name?": "kk3ZaoWmYrnWJHfvpIP6dGdBQUFBQUJuTVloNDliN2lHWHY0SHhmTmYtZW56emsyc2pIZlVHbzRNZGV2WFc2SnM2MFhRSE01eHloeEpfUjFfSm81T3VjaWhxWl91RXhYcXpaajEyUDBweTV1ZS1EUXVRPT0=",
    "what is your mother's name?": "Uu0yXQrbqB9_7SkQpUEFYmdBQUFBQUJuTVloNGE2Mi1KQ29NcTJneDBHQ2xKQlNJRGU2R0padkZ3LTlrb3ZUZ24waW0zZEctZkdnbGE1czFINlFOWTVVYWRfbzN5SDZIZDc3R3FLYmpuNG82c1ZSRmxBPT0=",
    "what is the type of your first pet?": "YtCRW9kdMlLObj_dBbzu2GdBQUFBQUJuTVloNF80NmxrQjhkbl8zS0M1SXB0eXRhUWt0Y1FaS0k3eFNlai16aEtNaTVQNGtHRkVWM1J6UXB6MGVTZWxLLTFTa3NOVlZIb3V0TXp6Z3VpWm9EbG1iQzVnPT0=",
    "who was your childhood hero?": "YnT-OfstoArNAFKSUJl1pWdBQUFBQUJuTVloNS1qWVhNS0tQXzg2SGhjbjRxNGRUc1FVOWZEc2w5SkdER0V3VHBSX1RncUZ5XzgtWWZXanN2am5NRGZMOVVFdm9VZWNvX3g5dl9nN2ZaSVo1Mk00ajF3PT0=",
    "what was your childhood ambition?": "6EOJhspfS51Ol24JzpVlXGdBQUFBQUJuTVloNXowYm5tR1VUcHdWdG1hVE1OcGp6REpjN3hrd1o2VjVUdWFYRDRFRzNoRS12TFREdFlqREhwcEhiSHhSbEtMVDZsU1BPc1djOHpoc29tTVRvVndXazZ3PT0="
}