{
    "what city were you born in?": "7H8jK3tjlVMsxhh5GXfmTGdBQUFBQUJuTVhKWDRHRlJ2WHAwX0p0bElXSUlkOG5pcHV2YjdIWXBIZnVNSDRVRDRtSi1EcTcwVEJSeGItMFNXWldqS2gyWmVjLUlDaUZWUVdLN3pLaFc5aXE2OU9qQUZnPT0=",
    "what is your oldest sibling\u2019s middle name?": "Qffm3s1HfsLY4MbnezXG12dBQUFBQUJuTVhKWTY4b2hEbFJIYXJ6VFhWb2JwTUdNZEdpb2R2b2toZzQ3cG9MRUVnWUo2N3FKWXo5c1JJd1phUFFNeGNVQ19wenpuWlVpaS1QUW9SVWlZdk9IQnEtVDN3PT0=",
    "what is your mother's name?": "-9g8oBSrR4BOYwg86araFWdBQUFBQUJuTVhKWVFXdGtKQk1fOWhlazZVTWRLOVN2X0h4YTZiMmJDZGkxRVJxSkFCakVfNlNMbE5XVjExVWI4T3BfbVVTNlotbUU3RGpTZXNjRDNVSUFZbWZSTmtjcWNnPT0=",
    "what is the type of your first pet?": "uUCtzxWEY_VvrTdcdjeT1WdBQUFBQUJuTVhKWWRVT3hwRm9uLTEwQmctWU8wc3pjWXJSWFE0M1VucWpVMkV1LTctenZZaGZHSjg4REdXdVlPa1NnR3hia2xrT3U0bWFvaC1iVmtlTnVVU3Baak1DalRBPT0=",
    "who was your childhood hero?": "C6NW6Bj_zMzkcYz-Q4UQ0WdBQUFBQUJuTVhKWjNDc3RyX2UtVU9DdkNORnI0dnU2UFRQc3dQb00xUnpIbzBEZWlxWWxWMnJWTkVIZm9Ydk9TeDhVS0l5QjhSdWg0SDNqTEpUcEdSLWlEY2V3ZXdHTHZRPT0=",
    "what was your childhood ambition?": "K15wx4R5zSKrQBtJEpu1H2dBQUFBQUJuTVhKWjhFV2hwUGZBMzgwendWMU5oWjUxVzVGNE0zTmRiLVdtMFVDM2NmalluMC0zMlhsdkhRSndwOE5qVDZEX1p0SUJDLXpFUnRHNU5TMUhnSDdSR2M4VUtBPT0="
}