{
    "what city were you born in?": "NUDnjaSfI4IQ5d6buVW8bGdBQUFBQUJuTUtFOHRJam0td0FDQ1VWQmkwSWo2eHFUWWtiTVAzcGpsVUI0RVdDTHBuSXJ4MFJZX1RMWi13aUxsa1kzaFNrNnBseUx6UWdjeW1YcFM4aWMwVHBxajZHaFlnPT0=",
    "what is your oldest sibling\u2019s middle name?": "gugDXZOWgMn28aaD3d7g42dBQUFBQUJuTUtFOFZDTEJZbUVhX0hBSzducWxscVBWSE40VVhNMkVITG1Hb1ptejE5SnNvb2Y2V29WTUVCOGtDWnR1X1A3d2Y2Sml3d0J4Vlg2MmdSeGZ2YUc0NnZFcG9BPT0=",
    "what is your mother's name?": "nVhmJZT6ya0cCfknyfm-UmdBQUFBQUJuTUtFOFVDcUFVQkpHLURWRUUtekpRTHZta09EZTZLR3ladEFTQmVxQ3NJVld5VWxfTU1acVd1MWVUQVNmQTVadWpPY1NqN05HdDRSU1VjSlFjRTZwQXo3THFnPT0=",
    "what is the type of your first pet?": "WLxsUAzbN6tZx5dLyiZ5DGdBQUFBQUJuTUtFOE5oMnk2UENrMkJZYWp1SkgtLU8xOWN3MHdRLTkxd1N5eXpoRUF2bnlwcHNDYUF6WTk2OTc3MS1BdzhEdDVOblNzZWJyWGdXZU9zY0h0UDVxekNUQnZBPT0=",
    "who was your childhood hero?": "vAMQw4uzuHoJeNniJOUdhWdBQUFBQUJuTUtFOXVwN0ZjTVJkYkZfblgzUHhsMURfVWs1NXBrWWR0dWpyU0dOQk5haDVjb2N2eUtMVkZvaDlqTkdDMEJMYVBiSzBWanNDdG50eUVQNC1TRmdGN2kzakVBPT0=",
    "what was your childhood ambition?": "ioD_NU3fvUN5nVKLeBbLZ2dBQUFBQUJuTUtFOThOb2dIOG9YLS1wMHp6SDBTWm9UblF6WWtVSVowZGdNRVo2alNTa3FJSzJOU3NMRzF1alFoMGdfOGYtRHpianVqd3Qwc0k0TzRqQ2QzRVdlUGswVGtnPT0="
}