{
    "what city were you born in?": "hcTJ7NeYSFzZ4V18LeRXO2dBQUFBQUJuWkh4dmE2Q2xsZmkxUHVaOTVFRV9jdWpqRENhcVFRR2RGRVEzSDk1alhJM3Y0bjd2Q2t2UV9NOURKUjh3WHpLcWd2VGYyS3EwU2stR1p4WnR3UUpxOUthdFJBPT0=",
    "what is your oldest sibling\u2019s middle name?": "0s5HxmkujSR2uNcE9KWAomdBQUFBQUJuWkh4dlJSY0RTem9YNlFSNzhicFRuSkV2bk40Y0l0WWdRS05VRHVKd05Za05aTUhEZFZiS3prdFZXTmNUdUlMRWNmeWFlRzBhOVp4YVRud3FfckhWUTFnQjl3PT0=",
    "what is your mother's name?": "l8l4kiUk3ibfwRRxdSo1i2dBQUFBQUJuWkh4dlNoQTZsMU5DVkVlRGlXVXZ6S3ZyVk53UnB2Ny10YXZFNVZ3SzhDVXFqNVVtc1VYVHF6TXJvZm8zdTlFWjZvZ3RUWWplbDY1TGFsZF91XzdGZHNQVllBPT0=",
    "what is the type of your first pet?": "0IkPXWwwwcEBhbsr4GpFe2dBQUFBQUJuWkh4dmkwRWFrVzRBVGdvUXc4NXNRVkpUZWQxQnVyZ29CLUJJS0t4RTlCbFF1MHVXNkFCVjlSVHdNMXV0QnN5N1F5dUtneVJ2aTBRU0swM0NXLV9KRWQ4Y0lnPT0=",
    "who was your childhood hero?": "oeDskGwAp4L0zuD-y9DcE2dBQUFBQUJuWkh4djRYbEt5N1NsMGRNWDNUOUl1d3JNTF8xOVR6MUlWV0IwWEdZeERHakZoYXlQRnJqNUdnTXhUNWVyMmZ4c0xWa2IwYWwzcHJpMnBKbTFhcGdqbnhXU2tRPT0=",
    "what was your childhood ambition?": "gEYJIqpDITkSl8ejVAwX4WdBQUFBQUJuWkh4d29vRy1wa042cmVlY2tiQUo2cUk2Z0FNSlFDRnZQMjB1YnZkOXN6UFYzN2tjN29XY1QyZDhDbDdveTJya1lZRm5IWlNiaU9nMlZnX0tiUnBMQV9BUXN3PT0="
}