{
    "what city were you born in?": "3VynOWjn-87RDolgXSzuN2dBQUFBQUJuTVlJR2ZBX2hxT0x6ZXI5SV9LbzI5R0FMdlRtLUNNSDFhNXh1TTdWQnRWRkNzREdpSjNhOUVQSHAwNjl5VU5CR2tkdFkxZE9oVm1IRHFJWTJJS2ZEWGFoMDhnPT0=",
    "what is your oldest sibling\u2019s middle name?": "rXLo0ZikiBk3N6v5mTSL62dBQUFBQUJuTVlJR3VlNWNZcUw2eWc1WGpUWjdDUGQ1X21kNjZkTndkN3pIZnByNHAya05zc19fMXY4ZkhuQ3FQajhKcWROWGxIU3JNaUM5M19KWE5LeDlyakhqVm1EdkZRPT0=",
    "what is your mother's name?": "AuVIy0FQFsgmoW2xasXOMmdBQUFBQUJuTVlJR2FYbnFhTVpIbk5lY2JQMjBSaXhUcno5NHVRTWxJWjBTSmN3eHlYdnMtbFZUR3FrRll5S19qeEhzaGNTcWNWRk5EbktqR29MY1EyZmo2Yzl4czlRZmNnPT0=",
    "what is the type of your first pet?": "8_PnsC3jIE_7Ozr6AZ-aLmdBQUFBQUJuTVlJR3NaTnZsSDNWb0tPQWgxYjU2dHBjaG85LUVXTC1XbmF0WjdHSVhyU2RkM1FjY19LcTdRNlI1YVZYczlvS3lWNHRuclFPc0lSazBFMFdMTnRYSVBCejNBPT0=",
    "who was your childhood hero?": "aU4Pt3kQiQ-cRMtS8YsK2mdBQUFBQUJuTVlJR255WmwybTJYb3RuWktqbXhLZXJrWlFaaURvczlqTEpJMXpmWEdKUUREU0E4YjAyTXl0SUZ2a0x5RU4wMkpFcXhJMTV1Tk81X04xSDN4dzNTaFFrdHZBPT0=",
    "what was your childhood ambition?": "fGg5GkSx_s7UY4_bIhb95GdBQUFBQUJuTVlJRzRxQWJ6VzVaUE1EWFVZUXhVWGVDV1JNYkNDRldjZ2hwcVJ3Q21tbkdiRXA5OGFfbFExYmpaMm9hdXZRMjJMaDM0MWRiV2xLUVNHcDgzUlVtR3lZMC1nPT0="
}