{
    "what city were you born in?": "XM8RvDnohdQ0Baub6xl2cGdBQUFBQUJuTVhIemRqemc4dnFtYVQzRnZVcFM3eEtUUGF4QzZMSjZXUlFvT2h4SHkxMzRXVTNhZkhEMklJQlRjdWkyU2hZSW5vY0ZGWFN0U01lLVdQSEhXUkFrdXU4NVJ3PT0=",
    "what is your oldest sibling\u2019s middle name?": "AbOdBK1M57MiUyFTzmUxQ2dBQUFBQUJuTVhIMFdXeVN4VWFzc3lzUUkycmpZS3k5eVA5ZWRseUxtMXBKdnNPMkp0MHpQdXhzWVlialI5amdOWE52Yy16Rzcxb3BybkJZUUtvd0dZRXJiZVVHcndtU2NRPT0=",
    "what is your mother's name?": "emlZmJ6iD_W_a6ndYWdqT2dBQUFBQUJuTVhIMHEzQVRlcWc2V0JVUXlZNmExbTNaXzVPMEFEd01jdGZYamcyVXo0N2w5UUZfM29hMG52Z1dXYmQwSkFmZTNpbjV5ZDlPQUN4bW9OWHY4cGItLTR0TUN3PT0=",
    "what is the type of your first pet?": "ddaKnxqXNXM700YOeADL5GdBQUFBQUJuTVhIMXhfWTNvWHdTNjhTcnBzYW5mS3ptUjktOXE4QjIySEFOTjJvbGY0UXZONHVVT2Z3bjNfYlpUdlNJTHJvbHBkQ1ZRUXItV2lkZ2xsS3dOQ2RjU2F0ZmpBPT0=",
    "who was your childhood hero?": "jHggoGrSXCldglY4sOFi9WdBQUFBQUJuTVhIMVRqNU1ydG9nVFVTWFltNmZGQUpObHJtdWFDQzFNNmhGNnV6b2EzeUlqcUZIaXRfNUJNQU5Za3RZVDlNVHk3Sk9lMzBCMjMzamdsWFY3cV8tOHpFbG53PT0=",
    "what was your childhood ambition?": "wUzSEm4U3mivfpNOWVnNkmdBQUFBQUJuTVhIMkdSRkVWT2pFNVhMbmU1QkpuQVI1WTNuUkdUODUyVFZSYVA5LVJJeG00Y1FBckNLMHpNSmRHRFAxd2M2eDgwT0FDTTNWay16YmZrS1M4a3d6dklmT0FnPT0="
}