{
    "what city were you born in?": "Q3NIJaCcDgqfYZFxgwxf_WdBQUFBQUJuTVdfb0lWaXVUR3NEZDg4b05JX2JPU3RSTzZSaHNYQ1hoQkNzZTRDZ3oyQzloclZvaHFZLXdQQkNtSVJkdjh6WExSeW1kb3FhMVVPU19jRERyTEZBTko0eGZBPT0=",
    "what is your oldest sibling\u2019s middle name?": "_-zcxNUhLo19Y40GXlR4wWdBQUFBQUJuTVdfb25tQktCQzVZekk3UXNXVlJ3OHFNYkN0Qjc2Um16OFlGbk5VVDJlYmwwbHAtY2Zmc2JkenVaRGZBSm9hT2x3VFdlSHMzRzRia0c0TzlHck1uOXlLNU5RPT0=",
    "what is your mother's name?": "8sj6G8hAaoFFNjue_oVkB2dBQUFBQUJuTVdfb0JmMFlmRmFScXpaX0tyZmNDNkU4S0RGZE9DZXp0cjZWeWpGc0E3MHM1eHVxOFJwZC02Unh2V1E3R1hmU3dHTEF1WFl6RUdFRmg3VVNlV0ZLMTlVNi1RPT0=",
    "what is the type of your first pet?": "nwZ5T2z2o2o7TdCOrJEAmGdBQUFBQUJuTVdfcDdiWWNTSWFuajJBa0VkWEp2U2NMMGpsbU9VTGc3cG9iOS1SSS1Cd0lNTk5LMGVhdXhHcDBYQl85UEhIbzdIMmUzVTBHcVczWGVSSjNwSm5odlhxbXB3PT0=",
    "who was your childhood hero?": "eGXbRtETGY_tgOWQAI_GeGdBQUFBQUJuTVdfcERpX3oxM0xQYlNZanI3YkEtYXZaTVotaVNOVmw0Tk9LZFM3YjVZaV9JNkY0em9GMzNicFAxNnpjS0hrNlE5OWcxejd6RU9DenVRRi10MW9LNkNUZFZBPT0=",
    "what was your childhood ambition?": "eJf-NXihJ69yI-r0TsbA-mdBQUFBQUJuTVdfcHJTNm9feWszak56S3c3UmgwZzI4S2Joa0FKMU53SWxOQ3lCVHE5TmhxWWhESnM3X0xQVjkyeEFDN0xTc0NiTlp3LUh6ZWtRbE1rMW1iYTdiOXNhWHd3PT0="
}