{
    "what city were you born in?": "EVwPC_bJkFcBHuoi5G8LrGdBQUFBQUJuWU90Wm91SGZtY0lqT0EzeVNTWk80dE5oeHRPcUVoaWFsUkdBMFRraFFmQXRIczhpZzVFSG83VnZQazd2Q201MjhtOTVSbVFucmp4VjhMWnVsbUJkVE4wdWFnPT0=",
    "what is your oldest sibling\u2019s middle name?": "-7xUb_ZmQ7Pp4CpDBbf6W2dBQUFBQUJuWU90WlU0WlVjYTh6RjljZElscFlDQ3J5dmhsSEVLbGxTWEV0TGIwM201VDlfNDFNMFdyVU1kQ0RNN0c3ODFsVlJRaXQ5OU9IeDhKb1JtWGdrQnF4SUhnVXdnPT0=",
    "what is your mother's name?": "VbjJ1CrOk8pNrFOVwX-Et2dBQUFBQUJuWU90Wnpfa1EteVlfcmtwOURTLVo4dklTNGJvRlVzVDk0WkUwSWRaNVU2T3dLQkIyVjdyOEQ3LTBDQ0UydV9vQVNGYTlIb3pnWUctZTBEaUlZN1dLdzdPcXB3PT0=",
    "what is the type of your first pet?": "R9kX5dYWrXY5Os5_HwigcWdBQUFBQUJuWU90YWJCdkU4ZVRnUmJ6eS1lcGkxZ1hZbjJBZkxBSlQ0MDJHa3pycnlhMVdVUWFNT2lQODVkNWJ0dlV2YmoyQXNBcHRZVE93ZVluRmFYb1BmWnhiWWp5LVBnPT0=",
    "who was your childhood hero?": "nQSZXiVkmW1RGUJusG5XkGdBQUFBQUJuWU90YTBiYW54WnNlRGJlWnJkQWRQcXZZODNmY3JVYkVrVDg4a1V4cWVhSkxnYlFFX1EzQ25tMV9VcXNQaXdYcGgxNzdCWlFURko0QklJN1hRVUJnb3VJZjZ3PT0=",
    "what was your childhood ambition?": "l32hcJeIGDAWNc7LwzxFu2dBQUFBQUJuWU90YUxUaXpvRlZkM2QtX0dOVUFvQVpxTjNuNmZKSEZYU3JfRm5iWExaS0NDSlJtb2MtX2NZM29ieE9zMndsTHFjb21maEJvYW9PdVdOMWpTQnBrT1RVTXdnPT0="
}