{
    "what city were you born in?": "BmXaFYVG11mhmLH5xdcBrmdBQUFBQUJuTVdxU0p6YXhDd0l3bVJPc3VWYl90ZlVRWkczTDh5Y2NiSzNIZGg4U1dLeUFKMGdrUVNxQnE4YzYzRFpjYkdkMmdxRmpQMTZaV1JkSkJZVDM1NDhUdWZQNG93PT0=",
    "what is your oldest sibling\u2019s middle name?": "jRBVMX1j1atzKtpmwn5hQ2dBQUFBQUJuTVdxU2xIeTRwQnVNZ3RGbllMVE5QMFJaVUdIc1NkSUlmRFRlY3pmN25LS0daVzc2djRUblMtNUN0U2tCVTFiN3Vka2NITDBPX1pmM1VJRGZEa2N6NGlqOHBRPT0=",
    "what is your mother's name?": "-p53TaBHWmdUJtZiXn2IpWdBQUFBQUJuTVdxUzJibUdaMUNGZFk3bl9WZjRHVkRoUmxHSktabWtIZ084US05ckpIUUNpbTd5Z3R0VlhKUk9JOFpFbW84dFE5Q1FhcElwMjlRcVBOYjFYdkZ5OFozTWp3PT0=",
    "what is the type of your first pet?": "fRWoj_oL4p4TotWTg5xgpGdBQUFBQUJuTVdxU0lrWjFOeGVieUZtMVdGZ0JpZ2RFTURJVDZsZnhtUnprOW9FTHV1YTJ1cmE3YUNoQllZd19Yb0JVd2xFQ3BJSk9tc1RONjdvUHpOVG5HSl9STllRZUlRPT0=",
    "who was your childhood hero?": "sMoFVuD8Q5mUv8HlNKRfc2dBQUFBQUJuTVdxVGxfVUM0QW1aSUpOaUpUVjRYSV9CYkR0eW9IWDBzeEFrZGRXeTRHeWU5TkZCWVg1Z01keERJU2tQelJLNzZKSnRZUm5ra205ek5SYjAwM3VPd3ZOU1p3PT0=",
    "what was your childhood ambition?": "5JZFMSijWUpspDFUnDHaiGdBQUFBQUJuTVdxVFhjQllIUHlyNTF5MHU4MzBQR0hwNC1TVDhOTXhuempZcGtVTk9VSllldkM5azFGamx5V3VsTTJCekk2M0RUT1Y5aTdPYnNqY0RsdEJUd0dxMFNWRVpnPT0="
}