{
    "what city were you born in?": "qX5BEYDzN-kiKgyLv96NsWdBQUFBQUJuTUpkSjBScXpIeHkxcFpaV1BmWHlfMkRCcERUYjVWR0c5b2FRZFMxNG5ZQmx6azVESmV4UWlTTTl5UFBud3B1ZHlhR0M4RDBDZUNvbGRvdl80dk1ZX2NuVXVBPT0=",
    "what is your oldest sibling\u2019s middle name?": "b6klXMs0Wb7bj9HWL4pN7WdBQUFBQUJuTUpkSzZZbGc5T2FVVExmbDhvNHBnN0JZdG9BLU9BM1ppQjRlMXdKUU11R0VFMTlxVkk1b3hOT0poM0JuLVo1MXRUeDNKSkpfcEViY2U0eUYtQWs3Q0Z1WDRnPT0=",
    "what is your mother's name?": "NrYMP9u16uKmm6Vz134oCmdBQUFBQUJuTUpkS0hSOXktblVncWNjZENTLWxoZDd0SWxfa29fLUdpRmRSd2doTDQ2QktyNDh5am9DZ1JOblFKZW8tcVJ2UENUQ0ZDZHNXOTljYWZNcjdWajdfUkJ5X3RBPT0=",
    "what is the type of your first pet?": "fq6MygtS2Xhu8fIAaO1kWmdBQUFBQUJuTUpkS3l2YTRYNVhTMTVCZGxTa1VNUnZaS3NrTnpqb0gwME8wVlVlOU1nTkZaOW53VW5zWm1oWlg0SW5qVGNqbU1aY2hCRF9seFJXc1pPY0FnWFc1ejhESEhBPT0=",
    "who was your childhood hero?": "0RaLKJaIsO-c_N5U_52h9mdBQUFBQUJuTUpkS1ROeEhpX1NIeUlHYlUwQWZvWnJSMVNWdW54QnJMT1hwMVc5MzZPbTc2NFZ6a1MzS18wa3d5N1V4dWtpNm5HUDVkZHNJdjZrNWFkNGVYNjBGTXR3MUhRPT0=",
    "what was your childhood ambition?": "G69jz38L0M_JaYvCFypOumdBQUFBQUJuTUpkS1o1MFRZZUx4dU1ZWWVoUkx4TGptME9OdGtpcWFYemN4Ti1jbXNraV9FNkk5Q2VKRXo5N2s2Ym5jcWtfUXFSbzdRSkFQTkhacDRYVHJvck5DVzZTUVlBPT0="
}