{
    "what city were you born in?": "cjZvfv62JBDTLWX3eK2IdmdBQUFBQUJuRFd3VkVseF8ya2Z2RnpHbTk2TzFwVHYxRFJyejZ1RGVqbDJrZzU3TFVEQnF1dGxENmt4RnU5dHYxUm1nZkd3cmdnal9RTjJCOTRvMGZPOHJwSXpjU21KcTVBPT0=",
    "what is your oldest sibling\u2019s middle name?": "tGp3xEjPk1eFzdyaQwDFbWdBQUFBQUJuRFd3VlpoUE13YUNHR0VxWWhhRnZTeTJhTzMzQ1JlT0U3a1RMSTl0SmpKNHVwT3FUaGIxU0ttY0RCUG41UkQ0cW9rMF92NE5ZZnptTW5Uck1Vek9Ocml6NzFBPT0=",
    "what is your mother's name?": "Ap8VgVtZKAwsqjTh1i37u2dBQUFBQUJuRFd3Vkg1RTlnYkR3VHdmMzQzTVlMR0xhVUZTTGMwUWdyeG56eEFoeWhEQkwxWm9jWGhQOGFNN1NfLWFabU5obXJvbmpVREdCZmtKaUZxdzJLMFhWX0g1cmlRPT0=",
    "what is the type of your first pet?": "EHNL8kaZb_8xhg9puUHoUWdBQUFBQUJuRFd3V1VhcXJIV04xckh1bXREU0h6R2VMeDdRTmhCZmlHQllNM0ZQTHp2WERESzA1dFB3SVlQNnlFU0xLYnFPeTREd2lMRVRPaGJyWVZvN3k2M1IyVDNVdzRRPT0=",
    "who was your childhood hero?": "yiTWUgQf8rDFu9uD4LX5tGdBQUFBQUJuRFd3V1h4TTR3a2swSm9TeUFxLVc0YVlfRXVfendMNkF1TUNKa3FfdXI4c0pfbldNX0ExMGd6NGVOVHZRYmQ3YTRJR1VFcEdyM1RLU2wxWkdDNGoybTZsZW1BPT0=",
    "what was your childhood ambition?": "mq9YYde1y5VH5G_dsXEFQGdBQUFBQUJuRFd3V2lmZ3hLLWFTU3paWTgwZDZWQzNXZ3VYaUYtM0VUdWdhSE9FbE5mVzItcktMbTlmaS0xQ1Q3MXpmaWUzcVVMQ3VqcDhsZ3FjQ0VwanNWdzVHbFhjQTBRPT0="
}