{
    "what city were you born in?": "MJaKXOSNWJlOS-CxQFJxGWdBQUFBQUJuTVhVQ28yUHZxTlI0NkRiY1JvXy1QNFFKbnB3bWNWazR0TmNNY25pR3NjSWU5RFh0QUlLaEZGcWZZVXlRX1VNVlBTc1dkYTN3Z2lYcDZVM3J1ZTBsU1RfajVBPT0=",
    "what is your oldest sibling\u2019s middle name?": "alF3eckmeeabGeBmwnj4NmdBQUFBQUJuTVhVRFdIbG5RcFkwaTFHUjZhSGt4eFJBc3ljdTU5OVlrYmpfbkl4STd6cWRoOUtGZTJWVnJqTllsM1BxWDRMbGExU2dVN2JhOExRUzZpbWpNZk52OXlpQlpBPT0=",
    "what is your mother's name?": "YpSBB7b77oV-IoPu_KinkWdBQUFBQUJuTVhVRExMNjV5VmpuMTVrUGlkZ3dpRVR0X1paUVluS2ZQRnVhRDFESnFmVjhpN3I2MWxLdThBMFphNnFEd2hwNGg4U0RTXzNLTy1TVUxXTVVSbFdSOWN2aHpBPT0=",
    "what is the type of your first pet?": "zqJ8zNDUKWNNRjCMhIAvy2dBQUFBQUJuTVhVREJtMmxWdDBDUml3QjFsQWNjUS1sTzNmclNrUzBLekFsM1lHeDlSVGN2MnJ6OC1NZkpJR3NKVFNsek1jTldNa0Rxdzh2OWl3M3JaMUtNbmxwUk10TmV3PT0=",
    "who was your childhood hero?": "Mxd0hft7am2tDebO0xqchGdBQUFBQUJuTVhVRGVvNXd1UElmaURVRk1EYk9CelMzVElLcmNycGc3RFRQamN4ZVZlODE5ZnhZS283QWhpR3Vaa3AySFhIcU1Vbl9pLUp6WXdGMEl4VWY3Vm1yNGplejBBPT0=",
    "what was your childhood ambition?": "gw_tb1SZXrQz4tVAELUdU2dBQUFBQUJuTVhVRHNQV1hac2RWbWdGNndUQ3dYcFZqMGpZNWpfWTRjelRUb01jYkhmV0NHVW9iaEZnbl9hd3JRMFF1Tk9tM1F0ZjhTMHBRQ2psdHFGTldYWkhsd0k0cFhnPT0="
}