{
    "what city were you born in?": "V4SE_ZgTjrpe_IgjjqmPsGdBQUFBQUJuTVhOdmw5RnJWYU16WndoMk0xWDlnNkV0empnQWVwUjNLMElNdGxzQzJHRXF2QXdYN1d2bmlxX0pyRkkwaXQxcmpTQjI5RTBVakZlc3lzZGJIT3d4ZXFwemR3PT0=",
    "what is your oldest sibling\u2019s middle name?": "YQOeELR5k-L3ejEeqmThr2dBQUFBQUJuTVhOdlBQeVFzM1ZHUzZoeGFwdFhWZHQtd01hbmlsMnhpQThydmcxeC1fZmdTQllGWXBIdU9QSDJpU2xvSzYxVFZhUkxrNDBOb3QwajNfUGhFbmQwX1ZQajN3PT0=",
    "what is your mother's name?": "LiXYMoDEE4DUQ4vYSPNtp2dBQUFBQUJuTVhOdnlnRHZrSkNmZ3l4Q0d1ZVpZSmdyOUFuY0Nsbkc4bUx5aGcyYjJURTE0R2VjRzVaOHdkakYzNWVPZnZLcWRNTWNDdGJreklvUW8zY2lyZmJnVXV0bUhBPT0=",
    "what is the type of your first pet?": "qMCntboNQ6dwn8F_IzVI3GdBQUFBQUJuTVhOdlgycmFQSndEcllTLUJEOUpRUUhHcU5STC1GRWhYbXdKZXVwOW9taUFSaVR4N2JyWUJxbUNmbms5SXZlenAyeTdfaWlMR2NoSEhkRU1uamRkdlk3SDZRPT0=",
    "who was your childhood hero?": "GAccZn9RUGTSRdcXgPnHemdBQUFBQUJuTVhOdmdIVEZhaHA3NUxXMXAwY0hiaWNwMWE1M2JBcE83R1NJQ2Y5LU80ZWNMS1FCSURhV3JwT2diV3RsMzlTWE8xcDlYd3lkSlEzUDJXaTV5ZUF0R1d5WnJRPT0=",
    "what was your childhood ambition?": "DJAcXRwuOMZqeulbNpDDfmdBQUFBQUJuTVhOdjlfOHh2LXlZSFh0RHlyZFdLUl8ydTQyOUMxY0VXci1ETGpGbnkyeThZcjZJb1R1em1XMU1HbE1rZXpxNkJIcW10bm5OMHJUaXJyR0ZjM1B1WEVSbEZBPT0="
}