{
    "what city were you born in?": "92ElWhYeB16nS-rCYz_g6GdBQUFBQUJuTVhHV2tpQ2hONWR2aWdKbnkzZ3E3R0VGZzF6UEgzczczNEFLUk84T1dZdGhtZnBnOHFjb3QtQXN6RHN3eDRIUHE1NlpVN200N0wtTFFiZnM2UWdrZlV0MkR3PT0=",
    "what is your oldest sibling\u2019s middle name?": "_Gydm1TyAjEDqWyUEtAge2dBQUFBQUJuTVhHWGI0QW5BeGdaQmxVbWxRaHdZcFU0Wm5aSGNjQ0txbEt3RFBpeDYxemt5czBmUWhkcHV5WlBRVGZVYUxCZVpiRHJvUUdGSmpPTnhVR1dOVmQ4RTVjdFh3PT0=",
    "what is your mother's name?": "VwuCZyiDtN5lkAz2dLNS_mdBQUFBQUJuTVhHWDhmb2JFaDUxV0FvNHM4c3hnV0lSVC1VYlRMNVcwSDFid2s0NUlJWS03NFR2US13cEZ3QW5vZTlEeHV6aDhMVTAxb1Ffdm9pOU44cDlmY19OQzlmUWZ3PT0=",
    "what is the type of your first pet?": "6yYpkXPUocH6fb8ZJdSCGWdBQUFBQUJuTVhHWWhrZnBRbWFXNkFlVW0xYkVMbmtMbmV4c1NZOTljX25jMUdRNGdaa01fd3BvTG1mUGs3YVltV0ZuOEIwUzhvbzZqcHR0OU82U2o2UE9TVkNWZWJxczBRPT0=",
    "who was your childhood hero?": "uc_h4r1dHl93GtpB2I5aJWdBQUFBQUJuTVhHWUV5VTAtSGtIVkg4SHFfcGpHbnVSWUZ1bmpvaXMzUUY0Ym9xRlBvT3NTMDFKUXBRWlhWOWdLT3NWbERSanVQbHhBVnNnUEJfaEJ5NjAyQTVtWUVXM0dnPT0=",
    "what was your childhood ambition?": "wChQ3wVnMz_K2RhpOUq7m2dBQUFBQUJuTVhHWjhhUGFmeE40TUFFa1RoQWZGdEx5djRNU0hMbDVHQ1Q2UGFzXzNFc2JDeldGXzlXSkVaT0F0cEFIX0tWWlFfWTZickJWSlZjcElqS0cyM0xJc2hqSi1nPT0="
}