{
    "what city were you born in?": "s5aBr5jlvccN642uig1-YGdBQUFBQUJuTVhLTkpSMXpYMExLbklJX1R2QmlLNEVNVmhMdndLQVNtenJLZ08tVzlocGoyVzNFNFo2VnVMbWxraUVsWVl3dXhSZ195Z2kwNmFzeV9QakVtdVhQaVNJYjFBPT0=",
    "what is your oldest sibling\u2019s middle name?": "iqWRiyB9aVjKcVzAztL9kmdBQUFBQUJuTVhLTmdOUldOUDlkY3MyYnBLZWRybWhMQ1I2QjQ1WFRBY2FJdXFGejAzYVpIN1VYUGtkN2dKQVBpY3lTdC1qMWtYNG9HWFNoY3dNZWt5Rl9iMnZqVzI2VGlBPT0=",
    "what is your mother's name?": "ABJqpBHRuddTQ-Y17pHGlmdBQUFBQUJuTVhLT1g5R3FXVW9hSmV2QXVuSXZoNFFVWWFXMHZpV1RWUmVtWTczU1hkNklUZmUzYm1IUnFDNDJhOXo5eXV0bmdvYTlhU3BDQUdheHc0amp2U0lJcjgxZy1nPT0=",
    "what is the type of your first pet?": "recnztezHzCFD4PmpobfV2dBQUFBQUJuTVhLT3Y4Vmk0eUZwWWloSlRMUnhmeTVqWmZON05SRkdYWHVTMzZqM0k2eFFyWllnYU5jczBXRXdkRkFRaWVlcGRyZ0ZDbHY4YkxMVUloYnM0OVBUTnZqX1hBPT0=",
    "who was your childhood hero?": "wRlKmvJ6IkLRVaNr1lfAWGdBQUFBQUJuTVhLUEhwVk1LTms2MVF5dnR1ZWh2WjBjZTh1VGdoSVZZMDRBdFpTX2VaZE1raVI0QWVtaXZLV1VKSXY3OHdVTnRuYnFuYnkzV2czTEE3NEJVZ1FPODNfZUpnPT0=",
    "what was your childhood ambition?": "fGyWb67gn-H0vaQqZp6TumdBQUFBQUJuTVhLUGdwS3VtZDh3YngtcThZM1ZYRjZjQ0Qtb0NTdktqMFh6X1RueFZyT2VkTXYzcEp2dEtaTzNJLWh2NE1CWVFiWVlSVWs2U0xKeDBZbFhJdXE2QUt6a3FBPT0="
}